{"cameraMode":{"drawMode":0,"name":"Shaded","section":"Shading Mode"},"sceneLighting":false,"audioPlay":false,"sceneViewState":{"showFog":true,"showMaterialUpdate":false,"showSkybox":false,"showFlares":true,"showImageEffects":true,"showParticleSystems":true},"in2DMode":false,"pivot":{"x":354.2239685058594,"y":99.58939361572266,"z":450.5657653808594},"rotation":{"x":0.16903740167617799,"y":0.8048815727233887,"z":-0.27245649695396426,"w":0.499361515045166},"size":734.617919921875,"orthographic":false}