{"cameraMode":{"drawMode":0,"name":"Shaded","section":"Shading Mode"},"sceneLighting":false,"audioPlay":false,"sceneViewState":{"showFog":true,"showMaterialUpdate":false,"showSkybox":false,"showFlares":true,"showImageEffects":true,"showParticleSystems":true},"in2DMode":false,"pivot":{"x":500.0,"y":86.97125244140625,"z":499.70001220703127},"rotation":{"x":-0.33350786566734316,"y":0.4752236008644104,"z":-0.20086580514907838,"w":-0.7890452742576599},"size":2351.036376953125,"orthographic":false}